stage,metric,value
Cards,detected / GT (recall),1.0
Cards,precision (IoU match),1.0
Cards,F1 detection,1.0
Cards,extra detections (no GT),0.0
ROI name,% detector box,0.9847525891829689
ROI name,% template fallback,0.01524741081703107
ROI number,% detector box,0.964614499424626
ROI number,% template fallback,0.03538550057537399
ROI collection,% detector box,0.5445914844649021
ROI collection,% template fallback,0.4554085155350978
OCR name,accuracy,0.6539125431530495
OCR name,mean CER,0.3601596383766932
OCR number,accuracy,0.7051208285385501
OCR number,mean CER,0.2657077100115075
OCR collection,accuracy vs set name,0.056098964326812426
End-to-end,catalog hit,0.9531070195627158
