Name,Number,Rarity,setId
Alakazam,1/102,Rare Holo,BS
Blastoise,2/102,Rare Holo,BS
Chansey,3/102,Rare Holo,BS
Charizard,4/102,Rare Holo,BS
Clefairy,5/102,Rare Holo,BS
Gyarados,6/102,Rare Holo,BS
Hitmonchan,7/102,Rare Holo,BS
Machamp,8/102,Rare Holo,BS
Magneton,9/102,Rare Holo,BS
Mewtwo,10/102,Rare Holo,BS
Nidoking,11/102,Rare Holo,BS
Ninetales,12/102,Rare Holo,BS
Poliwrath,13/102,Rare Holo,BS
Raichu,14/102,Rare Holo,BS
Venusaur,15/102,Rare Holo,BS
Zapdos,16/102,Rare Holo,BS
Beedrill,17/102,Rare,BS
Dragonair,18/102,Rare,BS
Dugtrio,19/102,Rare,BS
Electabuzz,20/102,Rare,BS
Electrode,21/102,Rare,BS
Pidgeotto,22/102,Rare,BS
Arcanine,23/102,Uncommon,BS
Charmeleon,24/102,Uncommon,BS
Dewgong,25/102,Uncommon,BS
Dratini,26/102,Uncommon,BS
Farfetch'd,27/102,Uncommon,BS
Growlithe,28/102,Uncommon,BS
Haunter,29/102,Uncommon,BS
Ivysaur,30/102,Uncommon,BS
Jynx,31/102,Uncommon,BS
Kadabra,32/102,Uncommon,BS
Kakuna,33/102,Uncommon,BS
Machoke,34/102,Uncommon,BS
Magikarp,35/102,Uncommon,BS
Magmar,36/102,Uncommon,BS
Nidorino,37/102,Uncommon,BS
Poliwhirl,38/102,Uncommon,BS
Porygon,39/102,Uncommon,BS
Raticate,40/102,Uncommon,BS
Seel,41/102,Uncommon,BS
Wartortle,42/102,Uncommon,BS
Abra,43/102,Common,BS
Bulbasaur,44/102,Common,BS
Caterpie,45/102,Common,BS
Charmander,46/102,Common,BS
Diglett,47/102,Common,BS
Doduo,48/102,Common,BS
Drowzee,49/102,Common,BS
Gastly,50/102,Common,BS
Koffing,51/102,Common,BS
Machop,52/102,Common,BS
Magnemite,53/102,Common,BS
Metapod,54/102,Common,BS
Nidoran ♂,55/102,Common,BS
Onix,56/102,Common,BS
Pidgey,57/102,Common,BS
Pikachu,58/102,Common,BS
Poliwag,59/102,Common,BS
Ponyta,60/102,Common,BS
Rattata,61/102,Common,BS
Sandshrew,62/102,Common,BS
Squirtle,63/102,Common,BS
Starmie,64/102,Common,BS
Staryu,65/102,Common,BS
Tangela,66/102,Common,BS
Voltorb,67/102,Common,BS
Vulpix,68/102,Common,BS
Weedle,69/102,Common,BS
Clefairy Doll,70/102,Rare,BS
Computer Search,71/102,Rare,BS
Devolution Spray,72/102,Rare,BS
Impostor Professor Oak,73/102,Rare,BS
Item Finder,74/102,Rare,BS
Lass,75/102,Rare,BS
Pokémon Breeder,76/102,Rare,BS
Pokémon Trader,77/102,Rare,BS
Scoop Up,78/102,Rare,BS
Super Energy Removal,79/102,Rare,BS
Defender,80/102,Uncommon,BS
Energy Retrieval,81/102,Uncommon,BS
Full Heal,82/102,Uncommon,BS
Maintenance,83/102,Uncommon,BS
PlusPower,84/102,Uncommon,BS
Pokémon Center,85/102,Uncommon,BS
Pokémon Flute,86/102,Uncommon,BS
Pokédex,87/102,Uncommon,BS
Professor Oak,88/102,Uncommon,BS
Revive,89/102,Uncommon,BS
Super Potion,90/102,Uncommon,BS
Bill,91/102,Common,BS
Energy Removal,92/102,Common,BS
Gust of Wind,93/102,Common,BS
Potion,94/102,Common,BS
Switch,95/102,Common,BS
Double Colorless Energy,96/102,Uncommon,BS
Fighting Energy,97/102,,BS
Fire Energy,98/102,,BS
Grass Energy,99/102,,BS
Lightning Energy,100/102,,BS
Psychic Energy,101/102,,BS
Water Energy,102/102,,BS
