id,name
MISC,Miscellaneous Promos
BS,Base Set
JU,Jungle
WBP,Wizards Black Star Promos
WP,W Promotional
FO,Fossil
JUMBO,Jumbo cards
B2,Base Set 2
RO,Team Rocket
G1,Gym Heroes
G2,Gym Challenge
N1,Neo Genesis
N2,Neo Discovery
SI,Southern Islands
N3,Neo Revelation
N4,Neo Destiny
LC,Legendary Collection
SP,Sample
EX,Expedition Base Set
BOG,Best of game
AQ,Aquapolis
SK,Skyridge
RS,Ruby & Sapphire
SS,Sandstorm
NP,Nintendo Black Star Promos
DR,Dragon
MA,Team Magma vs Team Aqua
HL,Hidden Legends
TK1A,EX trainer Kit (Latias)
TK1O,EX trainer Kit (Latios)
PCCP,Poké Card Creator Pack
RG,FireRed & LeafGreen
P1,POP Series 1
TR,Team Rocket Returns
DX,Deoxys
EM,Emerald
P2,POP Series 2
UF,Unseen Forces
UFU,Unseen Forces Unown Collection
DS,Delta Species
LM,Legend Maker
TK2M,EX trainer Kit 2 (Minun)
TK2P,EX trainer Kit 2 (Plusle)
P3,POP Series 3
HP,Holon Phantoms
P4,POP Series 4
CG,Crystal Guardians
DF,Dragon Frontiers
PK,Power Keepers
P5,POP Series 5
DPP,DP Black Star Promos
DP,Diamond & Pearl
MT,Mysterious Treasures
TK3L,DP trainer Kit (Lucario)
TK3M,DP trainer Kit (Manaphy)
P6,POP Series 6
SW,Secret Wonders
GE,Great Encounters
P7,POP Series 7
MD,Majestic Dawn
LA,Legends Awakened
P8,POP Series 8
SF,Stormfront
PL,Platinum
P9,POP Series 9
RR,Rising Rivals
SV,Supreme Victors
AR,Arceus
RM,Pokémon Rumble
HS,HeartGold SoulSilver
HSP,HGSS Black Star Promos
TK4R,HS trainer Kit (Raichu)
TK4G,HS trainer Kit (Gyarados)
UL,Unleashed
UD,Undaunted
TM,Triumphant
CL,Call of Legends
BLW,Black & White
BWP,BW Black Star Promos
MCD11,McDonald's Collection 2011
EPO,Emerging Powers
TK5E,BW trainer Kit (Excadrill)
TK5Z,BW trainer Kit (Zoroark)
NVI,Noble Victories
NXD,Next Destinies
DEX,Dark Explorers
MCD12,McDonald's Collection 2012
DRX,Dragons Exalted
DRV,Dragon Vault
BCR,Boundaries Crossed
PLS,Plasma Storm
PLF,Plasma Freeze
PLB,Plasma Blast
XYP,XY Black Star Promos
RC,Radiant Collection
LTR,Legendary Treasures
KSS,Kalos Starter Set
XY,XY
XYA,Yellow A Alternate
TK6N,XY trainer Kit (Noivern)
TK6S,XY trainer Kit (Sylveon)
FLF,Flashfire
MCD14,McDonald's Collection 2014
FFI,Furious Fists
TK7A,XY trainer Kit (Bisharp)
TK7B,XY trainer Kit (Wigglytuff)
PHF,Phantom Forces
PRC,Primal Clash
DCR,Double Crisis
TK8O,XY trainer Kit (Latios)
TK8A,XY trainer Kit (Latias)
ROS,Roaring Skies
AOR,Ancient Origins
BKT,BREAKthrough
MCD15,McDonald's Collection 2015
BKP,BREAKpoint
GEN,Generations
TK9P,XY trainer Kit (Pikachu Libre)
TK9S,XY trainer Kit (Suicune)
FCO,Fates Collide
STS,Steam Siege
MCD16,McDonald's Collection 2016
EVO,Evolutions
SUM,Sun & Moon
SMP,SM Black Star Promos
TK10A,SM trainer Kit (Alolan Raichu)
TK10L,SM trainer Kit (Lycanroc)
GRI,Guardians Rising
MCD17,McDonald's Collection 2017
BUS,Burning Shadows
SLG,Shining Legends
CIN,Crimson Invasion
UPR,Ultra Prism
FLI,Forbidden Light
CES,Celestial Storm
DRM,Dragon Majesty
MCD18,McDonald's Collection 2018
LOT,Lost Thunder
TEU,Team Up
DET,Detective Pikachu
UNB,Unbroken Bonds
UNM,Unified Minds
HIFSV,Hidden Fates Shiny Vault
HIF,Hidden Fates
MCD19,McDonald's Collection 2019
CEC,Cosmic Eclipse
SWSHP,SWSH Black Star Promos
SSH,Sword & Shield
RCL,Rebel Clash
DAA,Darkness Ablaze
FUT20,Pokémon Futsal 2020
CPA,Champion's Path
VIV,Vivid Voltage
MCD21,McDonald's Collection 2021
SHF,Shining Fates
SHFSV,Shining Fates Shiny Vault
BST,Battle Styles
CRE,Chilling Reign
EVS,Evolving Skies
CELCC,Celebrations Classic Collection
CEL,Celebrations
FST,Fusion Strike
BRS,Brilliant Stars
ASR,Astral Radiance
PGO,Pokémon GO
MCD22,McDonald's Collection 2022
LOR,Lost Origin
SIT,Silver Tempest
CRZ,Crown Zenith
SVI,Scarlet & Violet
SVE,Scarlet & Violet Energy
SVP,SVP Black Star Promos
PAL,Paldea Evolved
M23,McDonald's Collection 2023
OBF,Obsidian Flames
MEW,151
MFB,My First Battle
PAR,Paradox Rift
PAF,Paldean Fates
TEF,Temporal Forces
TWM,Twilight Masquerade
SFA,Shrouded Fable
SCR,Stellar Crown
P-A,Promos-A
A1,Genetic Apex
SSP,Surging Sparks
MCD24,McDonald's Collection 2024
A1a,Mythical Island
PRE,Prismatic Evolutions
A2,Space-Time Smackdown
A2a,Triumphant Light
A2b,Shining Revelry
JTG,Journey Together
A3,Celestial Guardians
A3a,Extradimensional Crisis
DRI,Destined Rivals
A3b,Eevee Grove
BLK,Black Bolt
WHT,White Flare
A4,Wisdom of Sea and Sky
A4a,Secluded Springs
MEE,Mega Evolution Energy
MEG,Mega Evolution
MEP,MEP Black Star Promos
B1,Mega Rising
PFL,Phantasmal Flames
B1a,Crimson Blaze
ASC,Ascended Heroes
B2a,Paldean Wonders
POR,Perfect Order
CRI,Chaos Rising
PBL,Pitch Black
30C,30th Celebration
30CC,30th Classic Collection
